Workbook

Sheet Sheet1
G2: Area Kerja
G3: Salatiga dan Sekitarnya (jawa Tengah)
G4: Whatsapp: 08978242388
G5: Instagram: tata_wangun Interior
A6: A. Pengadaan Material dan Perlengkapan Kerja
A7: No | B7: Uraian Material/ Perlengkapan | C7: Volume | D7: Satuan | E7: harga Satuan (Rp) | F7: Margin | G7: Harga Proyek (Rp) | H7: Jumlah Total (Rp)
A8: 1 | C8: 22 | E8: 20000 | F8: =E8*13% -> 2600 | G8: =E8+F8 -> 22600 | H8: =G8*C8 -> 497200
A9: 2 | C9: 27 | E9: 30000 | F9: =E9*13% -> 3900 | G9: =E9+F9 -> 33900 | H9: =G9*C9 -> 915300
A10: 3 | C10: 25 | E10: 60000 | F10: =E10*13% -> 7800 | G10: =E10+F10 -> 67800 | H10: =G10*C10 -> 1695000
A11: 4 | C11: 4 | E11: 200000 | F11: =E11*13% -> 26000 | G11: =E11+F11 -> 226000 | H11: =G11*C11 -> 904000
A12: 5 | C12: 2 | E12: 500000 | F12: =E12*13% -> 65000 | G12: =E12+F12 -> 565000 | H12: =G12*C12 -> 1130000
A13: 6 | F13: =E13*13% -> 0 | G13: =E13+F13 -> 0 | H13: =G13*C13 -> 0
A14: 7 | F14: =E14*13% -> 0 | G14: =E14+F14 -> 0 | H14: =G14*C14 -> 0
A15: 8 | F15: =E15*13% -> 0 | G15: =E15+F15 -> 0 | H15: =G15*C15 -> 0
A16: 9 | F16: =E16*13% -> 0 | G16: =E16+F16 -> 0 | H16: =G16*C16 -> 0
A17: 10 | F17: =E17*13% -> 0 | G17: =E17+F17 -> 0 | H17: =G17*C17 -> 0
A18: 11 | F18: =E18*13% -> 0 | G18: =E18+F18 -> 0 | H18: =G18*C18 -> 0
A19: 12 | F19: =E19*13% -> 0 | G19: =E19+F19 -> 0 | H19: =G19*C19 -> 0
A20: 13 | F20: =E20*13% -> 0 | G20: =E20+F20 -> 0 | H20: =G20*C20 -> 0
A21: 14 | F21: =E21*13% -> 0 | G21: =E21+F21 -> 0 | H21: =G21*C21 -> 0
A22: 15 | F22: =E22*13% -> 0 | G22: =E22+F22 -> 0 | H22: =G22*C22 -> 0
F23: =E23*13% -> 0 | G23: =E23+F23 -> 0 | H23: =G23*C23 -> 0
F24: =E24*13% -> 0 | G24: =E24+F24 -> 0 | H24: =G24*C24 -> 0
B27: SUBTOTAL | F27: =SUM(Table2[Margin]) -> 105300 | G27: =SUM(Table2[Harga Proyek (Rp)]) -> 915300 | H27: =SUM(Table2[Jumlah Total (Rp)]) -> 5141500
A30: B. Jasa Instalasi dan Oprasional
A31: No | B31: Uraian Pekerjaan | C31: Volume | D31: Satuan | E31: Harga Satuan (Rp) | F31: Jumlah total (Rp)
A32: 1
A33: 2
A34: 3
A35: 4
A36: 5
B38: SUBTOTAL JASA DAN OPERASIONAL | F38: =SUM(F32:F36) -> 0

Sheet Sheet2
G2: Area Kerja
G3: Salatiga dan Sekitarnya (jawa Tengah)
G4: Whatsapp: 08978242388
G5: Instagram: tata_wangun Interior
A7: A. Pengadaan Material Dan Perlengkapan Kerja
A9: No | B9: Uraian Material | C9: Volume | D9: Satuan | E9: Harga Proyek (Rp) | F9: Jumah Total (Rp)
A10: 1 | C10: 22 | E10: =umpetke!B2+umpetke!C2 -> 22600 | F10: =C10*E10 -> 497200
A11: 2 | C11: 38 | E11: =umpetke!B3+umpetke!C3 -> 67800 | F11: =C11*E11 -> 2576400
A12: 3 | E12: =umpetke!B4+umpetke!C4 -> 0 | F12: =C12*E12 -> 0
A13: 4 | E13: =umpetke!B5+umpetke!C5 -> 22600 | F13: =C13*E13 -> 0
A14: 5 | E14: =umpetke!B6+umpetke!C6 -> 0 | F14: =C14*E14 -> 0
A15: 6 | E15: =umpetke!B7+umpetke!C7 -> 0 | F15: =C15*E15 -> 0
A16: 7 | E16: =umpetke!B8+umpetke!C8 -> 0 | F16: =C16*E16 -> 0
A17: 8 | E17: =umpetke!B9+umpetke!C9 -> 0 | F17: =C17*E17 -> 0
A18: 9 | E18: =umpetke!B10+umpetke!C10 -> 0 | F18: =C18*E18 -> 0
A19: 10 | E19: =umpetke!B11+umpetke!C11 -> 0 | F19: =C19*E19 -> 0
A20: 11 | E20: =umpetke!B12+umpetke!C12 -> 0 | F20: =C20*E20 -> 0
A21: 12 | E21: =umpetke!B13+umpetke!C13 -> 0 | F21: =C21*E21 -> 0
A22: 13 | E22: =umpetke!B14+umpetke!C14 -> 0 | F22: =C22*E22 -> 0
A23: 14 | E23: =umpetke!B15+umpetke!C15 -> 0 | F23: =C23*E23 -> 0
A24: 15 | E24: =umpetke!B16+umpetke!C16 -> 0 | F24: =C24*E24 -> 0
A25: SUBTOTAL MATERIAL DAN ALAT | F25: =SUM(F10:F24) -> 3073600
A28: B. Jasa Instalasi dan Prasional
A29: No | B29: Uraian Pekerjaan | C29: Volume | D29: Satuan | E29: Harga Satuan (Rp) | F29: Jumlah total (Rp)
A30: 1
A31: 2
A32: 3
A33: 4
A34: 5
B36: SUBTOTAL JASA DAN OPERASIONAL | F36: =SUM(F30:F34) -> 0
A39: C. Rekapitulasi Total Penawaran
A40: Subtotal Pengadaan Material dan Perlengkapan
A41: Subtotal Jasa Instalasi dan Oprasional
A42: Total Biaya Pekerjaan | F42: =SUM(F25,F36) -> 3073600
B46: Megnetahui dan Menyetujui | E46: Hormat Kami,
B47: klien/ pemilik Rumah | E47: tata_wangun interior
B50: ( …................................) | E50: Penanggung Jawab

Sheet umpetke
A1: no | B1: Harga Satuan (Rp) | C1: Margin
A2: 1 | B2: 20000 | C2: =B2*13% -> 2600
A3: 2 | B3: 60000 | C3: =B3*13% -> 7800
A4: 3 | C4: =B4*13% -> 0
A5: 4 | B5: 20000 | C5: =B5*13% -> 2600
A6: 5 | C6: =B6*13% -> 0
A7: 6 | C7: =B7*13% -> 0
A8: 7 | C8: =B8*13% -> 0
A9: 8 | C9: =B9*13% -> 0
A10: 9 | C10: =B10*13% -> 0
A11: 10 | C11: =B11*13% -> 0
A12: 11 | C12: =B12*13% -> 0
A13: 12 | C13: =B13*13% -> 0
A14: 13 | C14: =B14*13% -> 0
A15: 14 | C15: =B15*13% -> 0
A16: 15 | C16: =B16*13% -> 0
